tag class CFIHOS unique code,tag class name,equipment class CFIHOS unique code,equipment class name,tag or equipment class relationship reason for mapping
CFIHOS-30000395,absolute pressure transmitter,CFIHOS-30000395,absolute pressure transmitter,
CFIHOS-30000800,absorber column,CFIHOS-30000800,absorber column,
CFIHOS-30000315,accumulator,CFIHOS-30000315,accumulator,
CFIHOS-30000878,acoustic enclosure,CFIHOS-30000878,acoustic enclosure,
CFIHOS-30000878,acoustic enclosure,CFIHOS-30000537,hood,
CFIHOS-30000607,actuator,CFIHOS-30000336,electric actuator,
CFIHOS-30000607,actuator,CFIHOS-30000433,hydraulic actuator,
CFIHOS-30000607,actuator,CFIHOS-30000443,pneumatic actuator,
CFIHOS-30000801,adaptor connector,CFIHOS-30000801,adaptor connector,
CFIHOS-30000802,adsorber column,CFIHOS-30000802,adsorber column,
CFIHOS-30000515,aerator,CFIHOS-30000515,aerator,
CFIHOS-30000102,agitator,CFIHOS-30000102,agitator,
CFIHOS-30000103,air balancing unit,CFIHOS-30000103,air balancing unit,
CFIHOS-30000803,air circuit-breaker,CFIHOS-30000803,air circuit-breaker,
CFIHOS-30000382,air conditioner,CFIHOS-30000382,air conditioner,
CFIHOS-30000382,air conditioner,CFIHOS-30000891,evaporator,
CFIHOS-30000383,air cooled heat exchanger,CFIHOS-30000383,air cooled heat exchanger,
CFIHOS-30000104,air handling unit,CFIHOS-30000104,air handling unit,
CFIHOS-30000879,air trap,CFIHOS-30000879,air trap,
CFIHOS-30000880,aircraft warning light,CFIHOS-30000922,strobe light,
CFIHOS-30000747,alarm unit,CFIHOS-30000747,alarm unit,
CFIHOS-30000804,alternating current generator,CFIHOS-30000804,alternating current generator,
CFIHOS-30000805,alternating current motor,CFIHOS-30000805,alternating current motor,
CFIHOS-30000316,amplifier,CFIHOS-30000316,amplifier,
CFIHOS-30000105,analyser element,CFIHOS-30000105,analyser element,
CFIHOS-30000510,anchor,CFIHOS-30000510,anchor,
CFIHOS-30000286,anemometer,CFIHOS-30000286,anemometer,
CFIHOS-30000317,anode,CFIHOS-30000317,anode,
CFIHOS-30000397,antenna,CFIHOS-30000397,antenna,
CFIHOS-30000511,arrestor,CFIHOS-30000511,arrestor,
CFIHOS-30000108,attenuator,CFIHOS-30000108,attenuator,
CFIHOS-30001010,automatic circuit recloser,CFIHOS-30001010,automatic circuit recloser,Required by owner-operators
CFIHOS-30000608,automatic identification system,CFIHOS-30000608,automatic identification system,
CFIHOS-30000731,automatic switching equipment,CFIHOS-30000731,automatic switching equipment,
CFIHOS-30000516,axial compressor,CFIHOS-30000516,axial compressor,
CFIHOS-30000398,axial displacement element,CFIHOS-30000398,axial displacement element,
CFIHOS-30000109,axial displacement transmitter,CFIHOS-30000109,axial displacement transmitter,
CFIHOS-30000110,balancing damper,CFIHOS-30000110,balancing damper,
CFIHOS-30000806,ball control valve,CFIHOS-30000806,ball control valve,
CFIHOS-30000807,ball valve,CFIHOS-30000807,ball valve,
CFIHOS-30000958,balustrade,CFIHOS-30000958,balustrade,
CFIHOS-30000297,basin,CFIHOS-30000297,basin,
CFIHOS-30000298,basket,CFIHOS-30000298,basket,
CFIHOS-30000318,battery back-up power supply unit,CFIHOS-30000318,battery back-up power supply unit,
CFIHOS-30000319,battery charger,CFIHOS-30000319,battery charger,
CFIHOS-30000959,bay,CFIHOS-30000959,bay,
CFIHOS-30000571,beam,CFIHOS-30000571,beam,
CFIHOS-30000001,beam clamp,CFIHOS-30000001,beam clamp,
CFIHOS-30001026,beam pumpjack,CFIHOS-30001026,beam pumpjack,Required by owner-operators
CFIHOS-30000517,bearing,CFIHOS-30000517,bearing,
CFIHOS-30000399,bell,CFIHOS-30000399,bell,
CFIHOS-30000668,bell nipple,CFIHOS-30000496,pipe,
CFIHOS-30000562,belt conveyor,CFIHOS-30000562,belt conveyor,
CFIHOS-30000002,bicycle,CFIHOS-30000002,bicycle,
CFIHOS-30000609,blast rated wall,CFIHOS-30000609,blast rated wall,
CFIHOS-30000808,block and bleed valve,CFIHOS-30000808,block and bleed valve,
CFIHOS-30000635,blow down valve,CFIHOS-30000806,ball control valve,
CFIHOS-30000635,blow down valve,CFIHOS-30000809,butterfly control valve,
CFIHOS-30000635,blow down valve,CFIHOS-30000837,gate control valve,
CFIHOS-30000635,blow down valve,CFIHOS-30000839,globe control valve,
CFIHOS-30000635,blow down valve,CFIHOS-30000859,plug control valve,
CFIHOS-30000003,blow out preventer,CFIHOS-30000003,blow out preventer,
CFIHOS-30000518,blower,CFIHOS-30000518,blower,
CFIHOS-30001012,boat,CFIHOS-30001012,boat,Required by owner-operators
CFIHOS-30000384,boiler,CFIHOS-30000384,boiler,
CFIHOS-30000519,brake,CFIHOS-30000519,brake,
CFIHOS-30000004,break glass unit,CFIHOS-30000004,break glass unit,
CFIHOS-30000005,breathing apparatus,CFIHOS-30000005,breathing apparatus,
CFIHOS-30000006,bridge,CFIHOS-30000006,bridge,
CFIHOS-30000936,bridge bearing,CFIHOS-30000936,bridge bearing,
CFIHOS-30000610,buckle initiator,CFIHOS-30000610,buckle initiator,
CFIHOS-30000960,buffers,CFIHOS-30000960,buffers,
CFIHOS-30000611,bund wall,CFIHOS-30000611,bund wall,
CFIHOS-30000595,buoy,CFIHOS-30000595,buoy,
CFIHOS-30000612,bus duct,CFIHOS-30000612,bus duct,
CFIHOS-30000320,busbar,CFIHOS-30000320,busbar,
CFIHOS-30000809,butterfly control valve,CFIHOS-30000809,butterfly control valve,
CFIHOS-30000810,butterfly valve,CFIHOS-30000810,butterfly valve,
CFIHOS-30000007,cabinet,CFIHOS-30000007,cabinet,
CFIHOS-30000321,cable reel,CFIHOS-30000321,cable reel,
CFIHOS-30000937,cable tray,CFIHOS-30000937,cable tray,
CFIHOS-30000008,caisson,CFIHOS-30000008,caisson,
CFIHOS-30000742,calorimeter,CFIHOS-30000742,calorimeter,
CFIHOS-30000961,camera port,CFIHOS-30000961,camera port,
CFIHOS-30000299,cap,CFIHOS-30000299,cap,
CFIHOS-30000010,capacitance level transmitter,CFIHOS-30000010,capacitance level transmitter,
CFIHOS-30000400,capacitance probe,CFIHOS-30000400,capacitance probe,
CFIHOS-30000733,capacitor,CFIHOS-30000733,capacitor,
CFIHOS-30000322,capacitor bank,CFIHOS-30000322,capacitor bank,
CFIHOS-30000011,car,CFIHOS-30000011,car,
CFIHOS-30000730,cathodic protection system,CFIHOS-30000317,anode,
CFIHOS-30000012,cctv camera,CFIHOS-30000012,cctv camera,
CFIHOS-30000962,ceiling,CFIHOS-30000962,ceiling,
CFIHOS-30000963,cell,CFIHOS-30000963,cell,
CFIHOS-30000520,centrifugal compressor,CFIHOS-30000520,centrifugal compressor,
CFIHOS-30000521,centrifugal pump,CFIHOS-30000521,centrifugal pump,
CFIHOS-30000522,centrifuge,CFIHOS-30000522,centrifuge,
CFIHOS-30000596,chain,CFIHOS-30000596,chain,
CFIHOS-30000563,chain conveyor,CFIHOS-30000563,chain conveyor,
CFIHOS-30000013,chain hoist,CFIHOS-30000013,chain hoist,
CFIHOS-30000300,chamber,CFIHOS-30000300,chamber,
CFIHOS-30000636,check valve,CFIHOS-30000857,piston check valve,
CFIHOS-30000636,check valve,CFIHOS-30000873,swing check valve,
CFIHOS-30000636,check valve,CFIHOS-30000876,wafer check valve,
CFIHOS-30000706,chemical injection unit,CFIHOS-30000706,chemical injection unit,
CFIHOS-30000014,chimney,CFIHOS-30000014,chimney,
CFIHOS-30000811,choke control valve,CFIHOS-30000811,choke control valve,
CFIHOS-30000812,choke valve,CFIHOS-30000812,choke valve,
CFIHOS-30000494,christmas tree,CFIHOS-30000494,christmas tree,
CFIHOS-30000323,circuit-breaker,CFIHOS-30000803,air circuit-breaker,
CFIHOS-30000323,circuit-breaker,CFIHOS-30000836,gas-blast circuit-breaker,
CFIHOS-30000323,circuit-breaker,CFIHOS-30000854,oil circuit-breaker,
CFIHOS-30000323,circuit-breaker,CFIHOS-30000874,vacuum circuit-breaker,
CFIHOS-30000964,cladding,CFIHOS-30000964,cladding,
CFIHOS-30000016,clamp,CFIHOS-30000016,clamp,
CFIHOS-30000017,cleaning machine,CFIHOS-30000017,cleaning machine,
CFIHOS-30000018,climbing net,CFIHOS-30000018,climbing net,
CFIHOS-30000324,clock,CFIHOS-30000324,clock,
CFIHOS-30000401,cloud point analyser,CFIHOS-30000401,cloud point analyser,
CFIHOS-30000523,clutch,CFIHOS-30000523,clutch,
CFIHOS-30000572,coalescer,CFIHOS-30000572,coalescer,
CFIHOS-30000019,cold filter plugging point analyser,CFIHOS-30000019,cold filter plugging point analyser,
CFIHOS-30000741,cold storage unit,CFIHOS-30000741,cold storage unit,
CFIHOS-30000965,column,CFIHOS-30000965,column,
CFIHOS-30000613,compass,CFIHOS-30000613,compass,
CFIHOS-30000637,compensator,CFIHOS-30000637,compensator,
CFIHOS-30000524,compressor,CFIHOS-30000516,axial compressor,
CFIHOS-30000524,compressor,CFIHOS-30000520,centrifugal compressor,
CFIHOS-30000524,compressor,CFIHOS-30000551,reciprocating compressor,
CFIHOS-30000524,compressor,CFIHOS-30000552,rotary compressor,
CFIHOS-30000402,computer,CFIHOS-30000402,computer,
CFIHOS-30000021,concentration transmitter,CFIHOS-30000021,concentration transmitter,
CFIHOS-30000385,condenser,CFIHOS-30000385,condenser,
CFIHOS-30000403,conductivity cell,CFIHOS-30000403,conductivity cell,
CFIHOS-30000404,conductivity level transmitter,CFIHOS-30000404,conductivity level transmitter,
CFIHOS-30000325,conductivity transmitter,CFIHOS-30000325,conductivity transmitter,
CFIHOS-30000882,constant volume regulator,CFIHOS-30000882,constant volume regulator,
CFIHOS-30000326,contactor,CFIHOS-30000326,contactor,
CFIHOS-30000814,contactor column,CFIHOS-30000814,contactor column,
CFIHOS-30000939,container,CFIHOS-30000939,container,
CFIHOS-30000405,control box,CFIHOS-30000405,control box,
CFIHOS-30000022,control module,CFIHOS-30000022,control module,
CFIHOS-30000327,control panel,CFIHOS-30000327,control panel,
CFIHOS-30000638,control valve,CFIHOS-30000806,ball control valve,
CFIHOS-30000638,control valve,CFIHOS-30000809,butterfly control valve,
CFIHOS-30000638,control valve,CFIHOS-30000811,choke control valve,
CFIHOS-30000638,control valve,CFIHOS-30000817,diaphragm control valve,
CFIHOS-30000638,control valve,CFIHOS-30000824,eccentric rotating disc control valve,
CFIHOS-30000638,control valve,CFIHOS-30000837,gate control valve,
CFIHOS-30000638,control valve,CFIHOS-30000839,globe control valve,
CFIHOS-30000638,control valve,CFIHOS-30000851,needle control valve,
CFIHOS-30000638,control valve,CFIHOS-30000859,plug control valve,
CFIHOS-30000638,control valve,CFIHOS-30000865,slide control valve,
CFIHOS-30000666,controller,CFIHOS-30000434,hydraulic controller,
CFIHOS-30000666,controller,CFIHOS-30000444,pneumatic controller,
CFIHOS-30000815,conventional relief valve,CFIHOS-30000815,conventional relief valve,
CFIHOS-30000386,cooler,CFIHOS-30000386,cooler,
CFIHOS-30000883,cooling coil,CFIHOS-30000883,cooling coil,
CFIHOS-30000387,cooling tower,CFIHOS-30000387,cooling tower,
CFIHOS-30000023,coriolis mass flow element,CFIHOS-30000023,coriolis mass flow element,
CFIHOS-30000406,coriolis mass flow meter,CFIHOS-30000406,coriolis mass flow meter,
CFIHOS-30000966,corridor,CFIHOS-30000966,corridor,
CFIHOS-30000408,corrosion element,CFIHOS-30000844,linear polarization resistance element,
CFIHOS-30000408,corrosion element,CFIHOS-30000855,oxidation reduction potential element,
CFIHOS-30000407,corrosion meter,CFIHOS-30000407,corrosion meter,
CFIHOS-30000751,corrosion transmitter,CFIHOS-30000751,corrosion transmitter,
CFIHOS-30000409,counter,CFIHOS-30000409,counter,
CFIHOS-30000419,coupling,CFIHOS-30000419,coupling,
CFIHOS-30000597,crane,CFIHOS-30000597,crane,
CFIHOS-30000024,crane hook block,CFIHOS-30000024,crane hook block,
CFIHOS-30000940,crusher,CFIHOS-30000940,crusher,
CFIHOS-30000884,culvert,CFIHOS-30000907,outfall,
CFIHOS-30000410,current to current converter,CFIHOS-30000410,current to current converter,
CFIHOS-30000411,current to pressure converter,CFIHOS-30000411,current to pressure converter,
CFIHOS-30000412,current to voltage converter,CFIHOS-30000412,current to voltage converter,
CFIHOS-30000745,current transformer,CFIHOS-30000745,current transformer,
CFIHOS-30000329,current transmitter,CFIHOS-30000329,current transmitter,
CFIHOS-30000565,cutter,CFIHOS-30000565,cutter,
CFIHOS-30000885,davit,CFIHOS-30000885,davit,
CFIHOS-30000614,defibrillator,CFIHOS-30000614,defibrillator,
CFIHOS-30000026,degasser,CFIHOS-30000026,degasser,
CFIHOS-30000027,dehumidifier,CFIHOS-30000382,air conditioner,
CFIHOS-30000028,deionizer,CFIHOS-30000028,deionizer,
CFIHOS-30000639,deluge valve,CFIHOS-30000639,deluge valve,
CFIHOS-30000573,demister,CFIHOS-30000573,demister,
CFIHOS-30000413,density analyser,CFIHOS-30000413,density analyser,
CFIHOS-30000886,descent device,CFIHOS-30000886,descent device,
CFIHOS-30000414,dew point analyser,CFIHOS-30000414,dew point analyser,
CFIHOS-30000029,dew point transmitter,CFIHOS-30000029,dew point transmitter,
CFIHOS-30000817,diaphragm control valve,CFIHOS-30000817,diaphragm control valve,
CFIHOS-30000030,diaphragm seal,CFIHOS-30000030,diaphragm seal,
CFIHOS-30001015,diaphragm tank,CFIHOS-30001015,diaphragm tank,Required by owner-operators
CFIHOS-30000818,diaphragm valve,CFIHOS-30000818,diaphragm valve,
CFIHOS-30000527,diesel engine,CFIHOS-30000527,diesel engine,
CFIHOS-30000415,differential pressure gauge,CFIHOS-30000415,differential pressure gauge,
CFIHOS-30000416,differential pressure level transmitter,CFIHOS-30000416,differential pressure level transmitter,
CFIHOS-30000417,differential pressure switch,CFIHOS-30000417,differential pressure switch,
CFIHOS-30000418,differential pressure transmitter,CFIHOS-30000418,differential pressure transmitter,
CFIHOS-30000528,diffuser,CFIHOS-30000528,diffuser,
CFIHOS-30001016,direct contact heat exchanger,CFIHOS-30001016,direct contact heat exchanger,Required by owner-operators
CFIHOS-30000819,direct current generator,CFIHOS-30000819,direct current generator,
CFIHOS-30000820,direct current motor,CFIHOS-30000820,direct current motor,
CFIHOS-30000034,displacer level transmitter,CFIHOS-30000034,displacer level transmitter,
CFIHOS-30000035,distillation analyser,CFIHOS-30000035,distillation analyser,
CFIHOS-30000821,distillation column,CFIHOS-30000821,distillation column,
CFIHOS-30000330,distribution board,CFIHOS-30000330,distribution board,
CFIHOS-30000615,diverter,CFIHOS-30000615,diverter,
CFIHOS-30000036,document scanner,CFIHOS-30000036,document scanner,
CFIHOS-30000301,door,CFIHOS-30000301,door,
CFIHOS-30000822,double block and bleed valve,CFIHOS-30000822,double block and bleed valve,
CFIHOS-30001017,double pipe heat exchanger,CFIHOS-30001017,double pipe heat exchanger,Required by owner-operators
CFIHOS-30000294,down hole safety valve,CFIHOS-30000294,down hole safety valve,
CFIHOS-30000887,drain port,CFIHOS-30000887,drain port,
CFIHOS-30000888,drain pot,CFIHOS-30000888,drain pot,
CFIHOS-30000388,drier,CFIHOS-30000388,drier,
CFIHOS-30000037,drilling machine,CFIHOS-30000037,drilling machine,
CFIHOS-30000669,drilling standpipe,CFIHOS-30000496,pipe,
CFIHOS-30000823,dry transformer,CFIHOS-30000823,dry transformer,
CFIHOS-30000967,duct,CFIHOS-30000967,duct,
CFIHOS-30000686,dust detector,CFIHOS-30000686,dust detector,
CFIHOS-30000331,earth busbar,CFIHOS-30000331,earth busbar,
CFIHOS-30000332,earth electrode,CFIHOS-30000332,earth electrode,
CFIHOS-30000333,earth leakage detector,CFIHOS-30000333,earth leakage detector,
CFIHOS-30000334,earth plate,CFIHOS-30000334,earth plate,
CFIHOS-30000335,earthing boss,CFIHOS-30000335,earthing boss,
CFIHOS-30000508,earthing resistor,CFIHOS-30000508,earthing resistor,
CFIHOS-30000824,eccentric rotating disc control valve,CFIHOS-30000824,eccentric rotating disc control valve,
CFIHOS-30000825,eccentric rotating disc valve,CFIHOS-30000825,eccentric rotating disc valve,
CFIHOS-30000038,eductor,CFIHOS-30000038,eductor,
CFIHOS-30000336,electric actuator,CFIHOS-30000336,electric actuator,
CFIHOS-30000337,electric battery,CFIHOS-30000337,electric battery,
CFIHOS-30000338,electric generator,CFIHOS-30000804,alternating current generator,
CFIHOS-30000338,electric generator,CFIHOS-30000819,direct current generator,
CFIHOS-30000338,electric generator,CFIHOS-30000338,electric generator,
CFIHOS-30000339,electric heater,CFIHOS-30000339,electric heater,
CFIHOS-30000340,electric motor,CFIHOS-30000805,alternating current motor,
CFIHOS-30000340,electric motor,CFIHOS-30000820,direct current motor,
CFIHOS-30000826,electric piping purge unit,CFIHOS-30000826,electric piping purge unit,
CFIHOS-30000734,electrical connector,CFIHOS-30000801,adaptor connector,
CFIHOS-30000734,electrical connector,CFIHOS-30000734,electrical connector,
CFIHOS-30000734,electrical connector,CFIHOS-30000870,submersible connector,
CFIHOS-30000889,electrical control panel,CFIHOS-30000889,electrical control panel,
CFIHOS-30000889,electrical control panel,CFIHOS-30000735,electrical distribution unit,
CFIHOS-30000735,electrical distribution unit,CFIHOS-30000735,electrical distribution unit,
CFIHOS-30000727,electrical isolator,CFIHOS-30000727,electrical isolator,
CFIHOS-30000343,electrical motor starter,CFIHOS-30000343,electrical motor starter,
CFIHOS-30000616,electrical reactor,CFIHOS-30000616,electrical reactor,
CFIHOS-30000344,electrical socket,CFIHOS-30000344,electrical socket,
CFIHOS-30000617,electrical switch,CFIHOS-30000617,electrical switch,
CFIHOS-30000040,electromagnetic flow element,CFIHOS-30000040,electromagnetic flow element,
CFIHOS-30000641,electronic circuit board,CFIHOS-30000641,electronic circuit board,
CFIHOS-30000421,electronic controller,CFIHOS-30000421,electronic controller,
CFIHOS-30000345,electronic frequency converter,CFIHOS-30000345,electronic frequency converter,
CFIHOS-30000346,electronic power inverter,CFIHOS-30000346,electronic power inverter,
CFIHOS-30000574,electrostatic precipitator,CFIHOS-30000574,electrostatic precipitator,
CFIHOS-30000598,elevator,CFIHOS-30000598,elevator,
CFIHOS-30000890,emergency grab bag,CFIHOS-30000890,emergency grab bag,
CFIHOS-30000618,emergency position indicating radio beacon,CFIHOS-30000618,emergency position indicating radio beacon,
CFIHOS-30000642,emergency shut down valve,CFIHOS-30000806,ball control valve,
CFIHOS-30000642,emergency shut down valve,CFIHOS-30000809,butterfly control valve,
CFIHOS-30000642,emergency shut down valve,CFIHOS-30000837,gate control valve,
CFIHOS-30000642,emergency shut down valve,CFIHOS-30000681,solenoid valve,
CFIHOS-30000683,engine,CFIHOS-30000527,diesel engine,
CFIHOS-30000683,engine,CFIHOS-30000533,gas engine,
CFIHOS-30000683,engine,CFIHOS-30000544,petrol engine,
CFIHOS-30000968,envelope opening,CFIHOS-30000968,envelope opening,
CFIHOS-30000969,envelope wall,CFIHOS-30000969,envelope wall,
CFIHOS-30000970,equipment room,CFIHOS-30000970,equipment room,
CFIHOS-30000891,evaporator,CFIHOS-30000891,evaporator,
CFIHOS-30000042,exhaust,CFIHOS-30000042,exhaust,
CFIHOS-30000892,expansion device,CFIHOS-30000892,expansion device,
CFIHOS-30000043,expansion joint,CFIHOS-30000043,expansion joint,
CFIHOS-30000531,extruder,CFIHOS-30000531,extruder,
CFIHOS-30000044,eye bath,CFIHOS-30000044,eye bath,
CFIHOS-30001009,eye wash bottle,CFIHOS-30001009,eye wash bottle,
CFIHOS-30000045,fall arrestor block,CFIHOS-30000045,fall arrestor block,
CFIHOS-30000532,fan,CFIHOS-30000532,fan,
CFIHOS-30000046,fax machine,CFIHOS-30000046,fax machine,
CFIHOS-30000566,feeder,CFIHOS-30000566,feeder,
CFIHOS-30000047,fence,CFIHOS-30000047,fence,
CFIHOS-30000599,fender,CFIHOS-30000599,fender,
CFIHOS-30000575,filter,CFIHOS-30000575,filter,
CFIHOS-30000576,filter cartridge,CFIHOS-30000576,filter cartridge,
CFIHOS-30000827,finned tube heat exchanger,CFIHOS-30000827,finned tube heat exchanger,
CFIHOS-30000048,fire blanket,CFIHOS-30000048,fire blanket,
CFIHOS-30000049,fire damper,CFIHOS-30000049,fire damper,
CFIHOS-30000050,fire door,CFIHOS-30000050,fire door,
CFIHOS-30000512,fire extinguisher,CFIHOS-30000512,fire extinguisher,
CFIHOS-30000512,fire extinguisher,CFIHOS-30000931,twin agent skid,
CFIHOS-30000512,fire extinguisher,CFIHOS-30000934,water mist skid,
CFIHOS-30000051,fire fighting vehicle,CFIHOS-30000051,fire fighting vehicle,
CFIHOS-30000052,fire hydrant,CFIHOS-30000052,fire hydrant,
CFIHOS-30000619,fire wall,CFIHOS-30000619,fire wall,
CFIHOS-30000053,fired heater,CFIHOS-30000053,fired heater,
CFIHOS-30000054,firewater monitor,CFIHOS-30000054,firewater monitor,
CFIHOS-30000055,first aid kit,CFIHOS-30000055,first aid kit,
CFIHOS-30000893,fitness equipment,CFIHOS-30000893,fitness equipment,
CFIHOS-30000971,fixture,CFIHOS-30000971,fixture,
CFIHOS-30000056,flame arrestor,CFIHOS-30000056,flame arrestor,
CFIHOS-30000425,flame detector,CFIHOS-30000425,flame detector,
CFIHOS-30000057,flame switch,CFIHOS-30000057,flame switch,
CFIHOS-30000304,flange,CFIHOS-30000304,flange,
CFIHOS-30000058,flare,CFIHOS-30000058,flare,
CFIHOS-30000389,flare tip,CFIHOS-30000389,flare tip,
CFIHOS-30000059,flash drum,CFIHOS-30000059,flash drum,
CFIHOS-30000426,flash point analyser,CFIHOS-30000426,flash point analyser,
CFIHOS-30000828,flexible riser,CFIHOS-30000828,flexible riser,
CFIHOS-30000347,floodlight,CFIHOS-30000347,floodlight,
CFIHOS-30000972,floor,CFIHOS-30000972,floor,
CFIHOS-30000748,flow computer,CFIHOS-30000748,flow computer,
CFIHOS-30000671,flow element,CFIHOS-30000023,coriolis mass flow element,
CFIHOS-30000671,flow element,CFIHOS-30000040,electromagnetic flow element,
CFIHOS-30000671,flow element,CFIHOS-30000858,pitot tube flow meter,
CFIHOS-30000671,flow element,CFIHOS-30000185,positive displacement flow element,
CFIHOS-30000671,flow element,CFIHOS-30000259,thermal flow element,
CFIHOS-30000671,flow element,CFIHOS-30000482,turbine flow meter,
CFIHOS-30000671,flow element,CFIHOS-30000486,venturi tube,
CFIHOS-30000428,flow gauge,CFIHOS-30000428,flow gauge,
CFIHOS-30000063,flow orifice plate,CFIHOS-30000063,flow orifice plate,
CFIHOS-30000429,flow regulator,CFIHOS-30000429,flow regulator,
CFIHOS-30000430,flow switch,CFIHOS-30000430,flow switch,
CFIHOS-30000662,flow totalizer,CFIHOS-30000662,flow totalizer,
CFIHOS-30000643,flow transmitter,CFIHOS-30000406,coriolis mass flow meter,
CFIHOS-30000643,flow transmitter,CFIHOS-30000031,differential pressure flow transmitter,
CFIHOS-30000643,flow transmitter,CFIHOS-30000420,electromagnetic flow transmitter,
CFIHOS-30000643,flow transmitter,CFIHOS-30000450,positive displacement flow transmitter,
CFIHOS-30000643,flow transmitter,CFIHOS-30000465,rotameter flow meter,
CFIHOS-30000643,flow transmitter,CFIHOS-30000260,thermal flow transmitter,
CFIHOS-30000643,flow transmitter,CFIHOS-30000482,turbine flow meter,
CFIHOS-30000643,flow transmitter,CFIHOS-30000264,turbine flow transmitter,
CFIHOS-30000643,flow transmitter,CFIHOS-30000483,ultrasonic flow meter,
CFIHOS-30000643,flow transmitter,CFIHOS-30000265,ultrasonic flow transmitter,
CFIHOS-30000643,flow transmitter,CFIHOS-30000485,v-cone flow meter,
CFIHOS-30000643,flow transmitter,CFIHOS-30000491,vortex flow meter,
CFIHOS-30000643,flow transmitter,CFIHOS-30000277,vortex flow transmitter,
CFIHOS-30000830,flying chemical lead,CFIHOS-30000830,flying chemical lead,
CFIHOS-30000831,flying electrical lead,CFIHOS-30000831,flying electrical lead,
CFIHOS-30000832,flying hydraulic lead,CFIHOS-30000832,flying hydraulic lead,
CFIHOS-30000707,flying lead,CFIHOS-30000830,flying chemical lead,
CFIHOS-30000707,flying lead,CFIHOS-30000831,flying electrical lead,
CFIHOS-30000707,flying lead,CFIHOS-30000832,flying hydraulic lead,
CFIHOS-30000707,flying lead,CFIHOS-30000833,flying optical lead,
CFIHOS-30000833,flying optical lead,CFIHOS-30000833,flying optical lead,
CFIHOS-30000065,fog detector,CFIHOS-30000065,fog detector,
CFIHOS-30000567,forklift truck,CFIHOS-30000567,forklift truck,
CFIHOS-30000973,foul water drainage,CFIHOS-30000973,foul water drainage,
CFIHOS-30000067,foundation,CFIHOS-30000067,foundation,
CFIHOS-30000305,frame,CFIHOS-30000305,frame,
CFIHOS-30000068,freezing point analyser,CFIHOS-30000068,freezing point analyser,
CFIHOS-30000743,frequency generator,CFIHOS-30000743,frequency generator,
CFIHOS-30000431,frequency to current converter,CFIHOS-30000431,frequency to current converter,
CFIHOS-30000070,funnel,CFIHOS-30000070,funnel,
CFIHOS-30000894,furnace,CFIHOS-30000894,furnace,
CFIHOS-30000071,furniture,CFIHOS-30000071,furniture,
CFIHOS-30000348,fuse,CFIHOS-30000348,fuse,
CFIHOS-30000072,fusible plug,CFIHOS-30000072,fusible plug,
CFIHOS-30000644,galley equipment,CFIHOS-30000644,galley equipment,
CFIHOS-30000073,galvanic isolator,CFIHOS-30000073,galvanic isolator,
CFIHOS-30000834,gas chromatograph,CFIHOS-30000834,gas chromatograph,
CFIHOS-30000074,gas composition analyser,CFIHOS-30000074,gas composition analyser,
CFIHOS-30000075,gas cyclone separator,CFIHOS-30000075,gas cyclone separator,
CFIHOS-30000432,gas detector,CFIHOS-30000432,gas detector,
CFIHOS-30000432,gas detector,CFIHOS-30000895,H2S detector,
CFIHOS-30000578,gas distributor,CFIHOS-30000578,gas distributor,
CFIHOS-30000533,gas engine,CFIHOS-30000533,gas engine,
CFIHOS-30000835,gas liquid chromatograph,CFIHOS-30000835,gas liquid chromatograph,
CFIHOS-30000534,gas turbine,CFIHOS-30000534,gas turbine,
CFIHOS-30000836,gas-blast circuit-breaker,CFIHOS-30000836,gas-blast circuit-breaker,
CFIHOS-30000306,gasket,CFIHOS-30000306,gasket,
CFIHOS-30000837,gate control valve,CFIHOS-30000837,gate control valve,
CFIHOS-30000838,gate valve,CFIHOS-30000838,gate valve,
CFIHOS-30000535,gear box,CFIHOS-30000535,gear box,
CFIHOS-30000839,globe control valve,CFIHOS-30000839,globe control valve,
CFIHOS-30000840,globe valve,CFIHOS-30000840,globe valve,
CFIHOS-30000841,gravity separator,CFIHOS-30000841,gravity separator,
CFIHOS-30000077,grease injection unit,CFIHOS-30000077,grease injection unit,
CFIHOS-30000078,grille,CFIHOS-30000078,grille,
CFIHOS-30000079,grinding machine,CFIHOS-30000079,grinding machine,
CFIHOS-30000974,groundwater protection,CFIHOS-30000974,groundwater protection,
CFIHOS-30000080,guide post,CFIHOS-30000080,guide post,
CFIHOS-30000975,gully drain,CFIHOS-30000975,gully drain,
CFIHOS-30000579,gutter,CFIHOS-30000579,gutter,
CFIHOS-30000976,handrail,CFIHOS-30000976,handrail,
CFIHOS-30000081,hard disk,CFIHOS-30000081,hard disk,
CFIHOS-30001018,harmonic filter,CFIHOS-30001018,harmonic filter,Required by owner-operators
CFIHOS-30000580,hatch way door,CFIHOS-30000580,hatch way door,
CFIHOS-30000082,heat and smoke detector,CFIHOS-30000082,heat and smoke detector,
CFIHOS-30001019,heater treater,CFIHOS-30001019,heater treater,Required by owner-operators
CFIHOS-30000349,heating cable,CFIHOS-30000349,heating cable,
CFIHOS-30000896,heating coil,CFIHOS-30000896,heating coil,
CFIHOS-30000600,helideck,CFIHOS-30000600,helideck,
CFIHOS-30000350,high-pass filter,CFIHOS-30000350,high-pass filter,
CFIHOS-30000977,hoistwell,CFIHOS-30000977,hoistwell,
CFIHOS-30000537,hood,CFIHOS-30000537,hood,
CFIHOS-30000759,hopper,CFIHOS-30000759,hopper,
CFIHOS-30000084,horn,CFIHOS-30000084,horn,
CFIHOS-30000085,hose,CFIHOS-30000085,hose,
CFIHOS-30000645,hose connector,CFIHOS-30000496,pipe,
CFIHOS-30000086,hose reel,CFIHOS-30000086,hose reel,
CFIHOS-30000307,housing,CFIHOS-30000307,housing,
CFIHOS-30000087,humidifier,CFIHOS-30000087,humidifier,
CFIHOS-30000088,humidity analyser,CFIHOS-30000088,humidity analyser,
CFIHOS-30000620,hvac duct,CFIHOS-30000620,hvac duct,
CFIHOS-30000433,hydraulic actuator,CFIHOS-30000433,hydraulic actuator,
CFIHOS-30000089,hydraulic connector,CFIHOS-30000089,hydraulic connector,
CFIHOS-30000434,hydraulic controller,CFIHOS-30000434,hydraulic controller,
CFIHOS-30000538,hydraulic cylinder,CFIHOS-30000538,hydraulic cylinder,
CFIHOS-30000539,hydraulic motor,CFIHOS-30000539,hydraulic motor,
CFIHOS-30000842,hydraulic piping purge unit,CFIHOS-30000842,hydraulic piping purge unit,
CFIHOS-30000090,hydraulic power supply,CFIHOS-30000090,hydraulic power supply,
CFIHOS-30000942,hydraulic power unit,CFIHOS-30000942,hydraulic power unit,
CFIHOS-30000568,hydraulic press,CFIHOS-30000568,hydraulic press,
CFIHOS-30000843,hydraulic turbine,CFIHOS-30000843,hydraulic turbine,
CFIHOS-30000581,hydro cyclone,CFIHOS-30000581,hydro cyclone,
CFIHOS-30000094,ignitor,CFIHOS-30000094,ignitor,
CFIHOS-30000391,incinerator,CFIHOS-30000391,incinerator,
CFIHOS-30000292,indicating instrument,CFIHOS-30000292,indicating instrument,
CFIHOS-30000096,industrial building,CFIHOS-30000096,industrial building,
CFIHOS-30000621,injection point,CFIHOS-30000496,pipe,
CFIHOS-30000100,intercom,CFIHOS-30000100,intercom,
CFIHOS-30000943,interface card,CFIHOS-30000943,interface card,
CFIHOS-30000351,interlocking device,CFIHOS-30000351,interlocking device,
CFIHOS-30000897,intrinsically safe barrier,CFIHOS-30000727,electrical isolator,
CFIHOS-30000680,iron roughneck,CFIHOS-30000680,iron roughneck,
CFIHOS-30000352,isolator,CFIHOS-30000352,isolator,
CFIHOS-30000708,jacket structure,CFIHOS-30000708,jacket structure,
CFIHOS-30000111,jetty,CFIHOS-30000111,jetty,
CFIHOS-30000353,junction box,CFIHOS-30000353,junction box,
CFIHOS-30000756,kettle reboiler,CFIHOS-30000756,kettle reboiler,
CFIHOS-30000435,keyboard,CFIHOS-30000435,keyboard,
CFIHOS-30000697,knock out drum,CFIHOS-30000697,knock out drum,
CFIHOS-30000582,ladder,CFIHOS-30000582,ladder,
CFIHOS-30000978,lagging,CFIHOS-30000978,lagging,
CFIHOS-30000354,lamp,CFIHOS-30000354,lamp,
CFIHOS-30000112,lathe,CFIHOS-30000112,lathe,
CFIHOS-30000979,lead glass window,CFIHOS-30000979,lead glass window,
CFIHOS-30000980,leakage collection system,CFIHOS-30000980,leakage collection system,
CFIHOS-30000672,level element,CFIHOS-30000400,capacitance probe,
CFIHOS-30000672,level element,CFIHOS-30000200,radar level element,
CFIHOS-30000672,level element,CFIHOS-30000266,ultrasonic level element,
CFIHOS-30000687,level gauge,CFIHOS-30000437,magnetic level gauge,
CFIHOS-30000687,level gauge,CFIHOS-30000468,servo tank gauge,
CFIHOS-30000677,level switch,CFIHOS-30000677,level switch,
CFIHOS-30000646,level transmitter,CFIHOS-30000010,capacitance level transmitter,
CFIHOS-30000646,level transmitter,CFIHOS-30000404,conductivity level transmitter,
CFIHOS-30000646,level transmitter,CFIHOS-30000416,differential pressure level transmitter,
CFIHOS-30000646,level transmitter,CFIHOS-30000034,displacer level transmitter,
CFIHOS-30000646,level transmitter,CFIHOS-30000126,magnetic level transmitter,
CFIHOS-30000646,level transmitter,CFIHOS-30000853,nucleonic level transmitter,
CFIHOS-30000646,level transmitter,CFIHOS-30000460,radar level transmitter,
CFIHOS-30000646,level transmitter,CFIHOS-30000461,radioactive level transmitter,
CFIHOS-30000646,level transmitter,CFIHOS-30000484,ultrasonic level transmitter,
CFIHOS-30000601,life boat,CFIHOS-30000601,life boat,
CFIHOS-30000114,life buoy,CFIHOS-30000114,life buoy,
CFIHOS-30000115,life buoy light,CFIHOS-30000115,life buoy light,
CFIHOS-30000899,life jacket,CFIHOS-30000899,life jacket,
CFIHOS-30000116,life raft,CFIHOS-30000116,life raft,
CFIHOS-30000117,lifting beam,CFIHOS-30000117,lifting beam,
CFIHOS-30000118,lifting cap,CFIHOS-30000118,lifting cap,
CFIHOS-30000622,lifting jack,CFIHOS-30000622,lifting jack,
CFIHOS-30000584,lifting lug,CFIHOS-30000584,lifting lug,
CFIHOS-30000944,lightning arrestor,CFIHOS-30000944,lightning arrestor,
CFIHOS-30000119,line blind,CFIHOS-30000119,line blind,
CFIHOS-30000900,line throwing appliance,CFIHOS-30000900,line throwing appliance,
CFIHOS-30000844,linear polarization resistance element,CFIHOS-30000844,linear polarization resistance element,
CFIHOS-30000981,lintel,CFIHOS-30000981,lintel,
CFIHOS-30000120,liquid composition analyser,CFIHOS-30000120,liquid composition analyser,
CFIHOS-30000121,liquid detector,CFIHOS-30000121,liquid detector,
CFIHOS-30000123,load cell,CFIHOS-30000123,load cell,
CFIHOS-30000602,loading arm,CFIHOS-30000602,loading arm,
CFIHOS-30000982,local access equipment,CFIHOS-30000982,local access equipment,
CFIHOS-30000124,logic cap,CFIHOS-30000124,logic cap,
CFIHOS-30001020,long-stroke pumpjack,CFIHOS-30001020,long-stroke pumpjack,Required by owner-operators
CFIHOS-30000436,loudspeaker,CFIHOS-30000436,loudspeaker,
CFIHOS-30000125,louvre,CFIHOS-30000125,louvre,
CFIHOS-30000356,low-pass filter,CFIHOS-30000356,low-pass filter,
CFIHOS-30000541,lubrication system,CFIHOS-30000541,lubrication system,
CFIHOS-30000357,luminaire,CFIHOS-30000357,luminaire,
CFIHOS-30000983,lute sample point,CFIHOS-30000983,lute sample point,
CFIHOS-30000437,magnetic level gauge,CFIHOS-30000437,magnetic level gauge,
CFIHOS-30000126,magnetic level transmitter,CFIHOS-30000126,magnetic level transmitter,
CFIHOS-30000648,manhole,CFIHOS-30000496,pipe,
CFIHOS-30000308,manifold,CFIHOS-30000308,manifold,
CFIHOS-30000127,manual call point,CFIHOS-30000127,manual call point,
CFIHOS-30000128,manual control switch,CFIHOS-30000128,manual control switch,
CFIHOS-30000847,manual switch,CFIHOS-30000847,manual switch,
CFIHOS-30000649,manual valve,CFIHOS-30000807,ball valve,
CFIHOS-30000649,manual valve,CFIHOS-30000808,block and bleed valve,
CFIHOS-30000649,manual valve,CFIHOS-30000810,butterfly valve,
CFIHOS-30000649,manual valve,CFIHOS-30000812,choke valve,
CFIHOS-30000649,manual valve,CFIHOS-30000818,diaphragm valve,
CFIHOS-30000649,manual valve,CFIHOS-30000822,double block and bleed valve,
CFIHOS-30000649,manual valve,CFIHOS-30000825,eccentric rotating disc valve,
CFIHOS-30000649,manual valve,CFIHOS-30000838,gate valve,
CFIHOS-30000649,manual valve,CFIHOS-30000840,globe valve,
CFIHOS-30000649,manual valve,CFIHOS-30000850,multiport valve,
CFIHOS-30000649,manual valve,CFIHOS-30000852,needle valve,
CFIHOS-30000649,manual valve,CFIHOS-30000860,plug valve,
CFIHOS-30000649,manual valve,CFIHOS-30000866,slide valve,
CFIHOS-30000901,manway,CFIHOS-30000496,pipe,
CFIHOS-30000130,mast,CFIHOS-30000130,mast,
CFIHOS-30000131,mechanical connector,CFIHOS-30000131,mechanical connector,
CFIHOS-30000438,mechanical positioner,CFIHOS-30000438,mechanical positioner,
CFIHOS-30000542,mechanical seal,CFIHOS-30000542,mechanical seal,
CFIHOS-30000903,meteorological equipment,CFIHOS-30000903,meteorological equipment,
CFIHOS-30000945,meteorological sensor,CFIHOS-30000945,meteorological sensor,
CFIHOS-30000132,meter prover,CFIHOS-30000132,meter prover,
CFIHOS-30000904,metering station,CFIHOS-30000904,metering station,
CFIHOS-30000133,microphone,CFIHOS-30000133,microphone,
CFIHOS-30000709,mid-water arch,CFIHOS-30000709,mid-water arch,
CFIHOS-30000984,mobile platform,CFIHOS-30000984,mobile platform,
CFIHOS-30000135,modem,CFIHOS-30000135,modem,
CFIHOS-30000905,modulating damper,CFIHOS-30000905,modulating damper,
CFIHOS-30000623,motor control centre,CFIHOS-30000623,motor control centre,
CFIHOS-30000738,motor operated valve,CFIHOS-30000738,motor operated valve,
CFIHOS-30000136,mounting bracket,CFIHOS-30000136,mounting bracket,
CFIHOS-30000137,multi property analyser,CFIHOS-30000137,multi property analyser,
CFIHOS-30000688,multiphase meter,CFIHOS-30000688,multiphase meter,
CFIHOS-30000848,multiple orifice on-off valve,CFIHOS-30000848,multiple orifice on-off valve,
CFIHOS-30000138,multiplexer,CFIHOS-30000138,multiplexer,
CFIHOS-30000849,multiport on-off valve,CFIHOS-30000849,multiport on-off valve,
CFIHOS-30000850,multiport valve,CFIHOS-30000850,multiport valve,
CFIHOS-30000851,needle control valve,CFIHOS-30000851,needle control valve,
CFIHOS-30000852,needle valve,CFIHOS-30000852,needle valve,
CFIHOS-30000139,net oil computer,CFIHOS-30000139,net oil computer,
CFIHOS-30000650,non-return damper,CFIHOS-30000650,non-return damper,
CFIHOS-30000853,nucleonic level transmitter,CFIHOS-30000853,nucleonic level transmitter,
CFIHOS-30000163,office building,CFIHOS-30000163,office building,
CFIHOS-30000854,oil circuit-breaker,CFIHOS-30000854,oil circuit-breaker,
CFIHOS-30000689,oil mist detector,CFIHOS-30000689,oil mist detector,
CFIHOS-30000164,optical beacon,CFIHOS-30000164,optical beacon,
CFIHOS-30000165,overhead projector,CFIHOS-30000165,overhead projector,
CFIHOS-30000166,overhead runway beam,CFIHOS-30000166,overhead runway beam,
CFIHOS-30000855,oxidation reduction potential element,CFIHOS-30000855,oxidation reduction potential element,
CFIHOS-30000168,package,CFIHOS-30000168,package,
CFIHOS-30000169,padeye,CFIHOS-30000169,padeye,
CFIHOS-30000170,pager,CFIHOS-30000170,pager,
CFIHOS-30000171,paging system,CFIHOS-30000171,paging system,
CFIHOS-30000908,pedestal,CFIHOS-30000908,pedestal,
CFIHOS-30000172,personnel basket,CFIHOS-30000172,personnel basket,
CFIHOS-30000544,petrol engine,CFIHOS-30000544,petrol engine,
CFIHOS-30000440,ph analyser,CFIHOS-30000440,ph analyser,
CFIHOS-30000173,pH element,CFIHOS-30000173,pH element,
CFIHOS-30000652,physical access control equipment,CFIHOS-30000652,physical access control equipment,
CFIHOS-30000441,pig detector,CFIHOS-30000441,pig detector,
CFIHOS-30000175,pig launcher,CFIHOS-30000175,pig launcher,
CFIHOS-30000176,pig loop,CFIHOS-30000176,pig loop,
CFIHOS-30000177,pig receiver,CFIHOS-30000177,pig receiver,
CFIHOS-30000178,pig transmitter,CFIHOS-30000178,pig transmitter,
CFIHOS-30000179,pig trap,CFIHOS-30000179,pig trap,
CFIHOS-30001022,piling,CFIHOS-30001022,piling,Required by owner-operators
CFIHOS-30000856,pilot operated relief valve,CFIHOS-30000856,pilot operated relief valve,
CFIHOS-30001023,pin-actuated pressure relief valve,CFIHOS-30001023,pin-actuated pressure relief valve,Required by owner-operators
CFIHOS-30001014,pinch control valve,CFIHOS-30001014,pinch control valve,Required by owner-operators
CFIHOS-30001021,pinch valve,CFIHOS-30001021,pinch valve,Required by owner-operators
CFIHOS-30000496,pipe,CFIHOS-30000496,pipe,
CFIHOS-30000497,pipe bend,CFIHOS-30000497,pipe bend,
CFIHOS-30000180,pipe bending machine,CFIHOS-30000180,pipe bending machine,
CFIHOS-30000670,pipe doping machine,CFIHOS-30000670,pipe doping machine,
CFIHOS-30000498,pipe flange spade,CFIHOS-30000498,pipe flange spade,
CFIHOS-30000585,pipe support,CFIHOS-30000585,pipe support,
CFIHOS-30000499,pipe tee,CFIHOS-30000499,pipe tee,
CFIHOS-30000500,pipeline,CFIHOS-30000500,pipeline,
CFIHOS-30000501,piping expansion bellows,CFIHOS-30000501,piping expansion bellows,
CFIHOS-30000710,piping purge unit,CFIHOS-30000826,electric piping purge unit,
CFIHOS-30000710,piping purge unit,CFIHOS-30000842,hydraulic piping purge unit,
CFIHOS-30000947,piping speciality item,CFIHOS-30000938,casing,
CFIHOS-30000947,piping speciality item,CFIHOS-30000946,pipe reducer,
CFIHOS-30000947,piping speciality item,CFIHOS-30000948,sample bomb,
CFIHOS-30000947,piping speciality item,CFIHOS-30000949,sample cooler,
CFIHOS-30000947,piping speciality item,CFIHOS-30000950,segment,
CFIHOS-30000947,piping speciality item,CFIHOS-30000952,sleeve,
CFIHOS-30000182,piping spool,CFIHOS-30000182,piping spool,
CFIHOS-30000857,piston check valve,CFIHOS-30000857,piston check valve,
CFIHOS-30000442,pitot tube,CFIHOS-30000442,pitot tube,
CFIHOS-30000858,pitot tube flow meter,CFIHOS-30000858,pitot tube flow meter,
CFIHOS-30001024,plate fin heat exchanger,CFIHOS-30001024,plate fin heat exchanger,Required by owner-operators
CFIHOS-30000752,plate heat exchanger,CFIHOS-30000752,plate heat exchanger,
CFIHOS-30000859,plug control valve,CFIHOS-30000859,plug control valve,
CFIHOS-30000860,plug valve,CFIHOS-30000860,plug valve,
CFIHOS-30000443,pneumatic actuator,CFIHOS-30000443,pneumatic actuator,
CFIHOS-30000444,pneumatic controller,CFIHOS-30000444,pneumatic controller,
CFIHOS-30001025,pneumatic conveyor,CFIHOS-30001025,pneumatic conveyor,Required by owner-operators
CFIHOS-30000757,pneumatic cylinder,CFIHOS-30000757,pneumatic cylinder,
CFIHOS-30000548,pneumatic motor,CFIHOS-30000548,pneumatic motor,
CFIHOS-30000678,position switch,CFIHOS-30000678,position switch,
CFIHOS-30000678,position switch,CFIHOS-30000458,proximity switch,
CFIHOS-30000449,position transmitter,CFIHOS-30000449,position transmitter,
CFIHOS-30000184,positioning system,CFIHOS-30000184,positioning system,
CFIHOS-30000185,positive displacement flow element,CFIHOS-30000185,positive displacement flow element,
CFIHOS-30000451,pour point analyser,CFIHOS-30000451,pour point analyser,
CFIHOS-30000360,power cable,CFIHOS-30000360,power cable,
CFIHOS-30000186,power stabiliser,CFIHOS-30000186,power stabiliser,
CFIHOS-30000361,power supply unit,CFIHOS-30000361,power supply unit,
CFIHOS-30000673,pressure element,CFIHOS-30000673,pressure element,
CFIHOS-30000452,pressure gauge,CFIHOS-30000452,pressure gauge,
CFIHOS-30000453,pressure regulator,CFIHOS-30000453,pressure regulator,
CFIHOS-30000624,pressure relief damper,CFIHOS-30000624,pressure relief damper,
CFIHOS-30000454,pressure switch,CFIHOS-30000454,pressure switch,
CFIHOS-30000455,pressure to current converter,CFIHOS-30000455,pressure to current converter,
CFIHOS-30000654,pressure transmitter,CFIHOS-30000395,absolute pressure transmitter,
CFIHOS-30000654,pressure transmitter,CFIHOS-30000208,relative pressure transmitter,
CFIHOS-30000861,pressure-vacuum relief valve,CFIHOS-30000861,pressure-vacuum relief valve,
CFIHOS-30000754,printed circuit heat exchanger,CFIHOS-30000754,printed circuit heat exchanger,
CFIHOS-30000456,printing machine,CFIHOS-30000456,printing machine,
CFIHOS-30000586,process column,CFIHOS-30000800,absorber column,
CFIHOS-30000586,process column,CFIHOS-30000802,adsorber column,
CFIHOS-30000586,process column,CFIHOS-30000814,contactor column,
CFIHOS-30000586,process column,CFIHOS-30000821,distillation column,
CFIHOS-30000586,process column,CFIHOS-30000588,scrubber,
CFIHOS-30000586,process column,CFIHOS-30000868,stabilizer column,
CFIHOS-30000586,process column,CFIHOS-30000869,stripper column,
CFIHOS-30000586,process column,CFIHOS-30000875,vacuum column,
CFIHOS-30000189,process data acquisition and control,CFIHOS-30000189,process data acquisition and control,
CFIHOS-30000655,process nozzle,CFIHOS-30000655,process nozzle,
CFIHOS-30000758,process reactor,CFIHOS-30000758,process reactor,
CFIHOS-30000728,protection relay,CFIHOS-30000728,protection relay,
CFIHOS-30000909,protective suit,CFIHOS-30000909,protective suit,
CFIHOS-30000457,proximity element,CFIHOS-30000457,proximity element,
CFIHOS-30000458,proximity switch,CFIHOS-30000458,proximity switch,
CFIHOS-30000191,public address and alarm system,CFIHOS-30000191,public address and alarm system,
CFIHOS-30000549,pulsation damper,CFIHOS-30000549,pulsation damper,
CFIHOS-30000550,pump,CFIHOS-30000521,centrifugal pump,
CFIHOS-30000550,pump,CFIHOS-30000862,reciprocating pump,
CFIHOS-30000550,pump,CFIHOS-30000864,rotary pump,
CFIHOS-30001011,pumpjack,CFIHOS-30001011,pumpjack,Required by owner-operators
CFIHOS-30000459,push button,CFIHOS-30000459,push button,
CFIHOS-30000199,rack,CFIHOS-30000199,rack,
CFIHOS-30000626,radar,CFIHOS-30000626,radar,
CFIHOS-30000200,radar level element,CFIHOS-30000200,radar level element,
CFIHOS-30000460,radar level transmitter,CFIHOS-30000460,radar level transmitter,
CFIHOS-30000910,radiation detector,CFIHOS-30000910,radiation detector,
CFIHOS-30000201,radiator,CFIHOS-30000201,radiator,
CFIHOS-30000627,radio beacon,CFIHOS-30000627,radio beacon,
CFIHOS-30000202,radio caravan,CFIHOS-30000202,radio caravan,
CFIHOS-30000203,radio transceiver,CFIHOS-30000203,radio transceiver,
CFIHOS-30000461,radioactive level transmitter,CFIHOS-30000461,radioactive level transmitter,
CFIHOS-30000204,radioactive source,CFIHOS-30000461,radioactive level transmitter,
CFIHOS-30000985,rail crossing indicator,CFIHOS-30000985,rail crossing indicator,
CFIHOS-30000986,rail key token station,CFIHOS-30000986,rail key token station,
CFIHOS-30000987,rail track,CFIHOS-30000987,rail track,
CFIHOS-30000988,ramp,CFIHOS-30000988,ramp,
CFIHOS-30000205,reader,CFIHOS-30000205,reader,
CFIHOS-30000551,reciprocating compressor,CFIHOS-30000551,reciprocating compressor,
CFIHOS-30000862,reciprocating pump,CFIHOS-30000862,reciprocating pump,
CFIHOS-30000462,recording instrument,CFIHOS-30000462,recording instrument,
CFIHOS-30000363,rectifier,CFIHOS-30000363,rectifier,
CFIHOS-30000911,recuperator heat exchanger,CFIHOS-30000911,recuperator heat exchanger,
CFIHOS-30000206,redox analyser,CFIHOS-30000206,redox analyser,
CFIHOS-30000208,relative pressure transmitter,CFIHOS-30000208,relative pressure transmitter,
CFIHOS-30000364,relay,CFIHOS-30000364,relay,
CFIHOS-30000295,relief valve,CFIHOS-30000815,conventional relief valve,
CFIHOS-30000295,relief valve,CFIHOS-30000856,pilot operated relief valve,
CFIHOS-30000295,relief valve,CFIHOS-30000861,pressure-vacuum relief valve,
CFIHOS-30000209,remote terminal unit,CFIHOS-30000209,remote terminal unit,
CFIHOS-30000912,remote-operated control unit,CFIHOS-30000402,computer,
CFIHOS-30001013,rescue boat,CFIHOS-30001013,rescue boat,Required by owner-operators
CFIHOS-30000210,residential building,CFIHOS-30000210,residential building,
CFIHOS-30000463,resistance temperature element,CFIHOS-30000463,resistance temperature element,
CFIHOS-30000464,restriction orifice plate,CFIHOS-30000464,restriction orifice plate,
CFIHOS-30000989,retaining wall,CFIHOS-30000989,retaining wall,
CFIHOS-30000863,rigid riser,CFIHOS-30000863,rigid riser,
CFIHOS-30000729,ring main unit,CFIHOS-30000729,ring main unit,
CFIHOS-30000502,riser,CFIHOS-30000828,flexible riser,
CFIHOS-30000502,riser,CFIHOS-30000863,rigid riser,
CFIHOS-30000656,riser support,CFIHOS-30000656,riser support,
CFIHOS-30000218,road,CFIHOS-30000218,road,
CFIHOS-30000913,road compactor,CFIHOS-30000913,road compactor,
CFIHOS-30000914,road sweeper,CFIHOS-30000914,road sweeper,
CFIHOS-30000569,roller conveyor,CFIHOS-30000569,roller conveyor,
CFIHOS-30000990,roof,CFIHOS-30000990,roof,
CFIHOS-30000991,roof cover,CFIHOS-30000991,roof cover,
CFIHOS-30000992,room,CFIHOS-30000992,room,
CFIHOS-30000603,rope,CFIHOS-30000603,rope,
CFIHOS-30000465,rotameter flow meter,CFIHOS-30000465,rotameter flow meter,
CFIHOS-30000552,rotary compressor,CFIHOS-30000552,rotary compressor,
CFIHOS-30000864,rotary pump,CFIHOS-30000864,rotary pump,
CFIHOS-30000915,rotary table,CFIHOS-30000915,rotary table,
CFIHOS-30000750,rotational speed element,CFIHOS-30000750,rotational speed element,
CFIHOS-30000221,router,CFIHOS-30000221,router,
CFIHOS-30000628,running tool,CFIHOS-30000247,special tool,
CFIHOS-30000628,running tool,CFIHOS-30000723,subsea remote operated tool,
CFIHOS-30000466,rupture disc,CFIHOS-30000466,rupture disc,
CFIHOS-30000222,safety barrier,CFIHOS-30000222,safety barrier,
CFIHOS-30000916,safety display plan,CFIHOS-30000916,safety display plan,
CFIHOS-30000513,safety shower,CFIHOS-30000513,safety shower,
CFIHOS-30000917,safety sign,CFIHOS-30000917,safety sign,
CFIHOS-30000918,sample connection point,CFIHOS-30000496,pipe,
CFIHOS-30000224,sample loop component,CFIHOS-30000224,sample loop component,
CFIHOS-30000711,sample vessel,CFIHOS-30000711,sample vessel,
CFIHOS-30000467,sampler,CFIHOS-30000467,sampler,
CFIHOS-30000243,sand detector,CFIHOS-30000243,sand detector,
CFIHOS-30000993,sanitary ware,CFIHOS-30000993,sanitary ware,
CFIHOS-30000225,satellite communications terminal,CFIHOS-30000225,satellite communications terminal,
CFIHOS-30000587,scraper,CFIHOS-30000587,scraper,
CFIHOS-30000226,screw conveyor,CFIHOS-30000226,screw conveyor,
CFIHOS-30000588,scrubber,CFIHOS-30000588,scrubber,
CFIHOS-30000309,seal,CFIHOS-30000309,seal,
CFIHOS-30000994,secondary wall,CFIHOS-30000994,secondary wall,
CFIHOS-30000227,selector switch,CFIHOS-30000227,selector switch,
CFIHOS-30000682,self operating valve,CFIHOS-30000429,flow regulator,
CFIHOS-30000682,self operating valve,CFIHOS-30000453,pressure regulator,
CFIHOS-30000682,self operating valve,CFIHOS-30000474,temperature regulator,
CFIHOS-30000698,separator,CFIHOS-30000075,gas cyclone separator,
CFIHOS-30000698,separator,CFIHOS-30000841,gravity separator,
CFIHOS-30000698,separator,CFIHOS-30000581,hydro cyclone,
CFIHOS-30000468,servo tank gauge,CFIHOS-30000468,servo tank gauge,
CFIHOS-30000228,shale shaker,CFIHOS-30000228,shale shaker,
CFIHOS-30000739,shear ram,CFIHOS-30000739,shear ram,
CFIHOS-30000231,sheave,CFIHOS-30000231,sheave,
CFIHOS-30000590,shell,CFIHOS-30000590,shell,
CFIHOS-30000755,shell and tube heat exchanger,CFIHOS-30000755,shell and tube heat exchanger,
CFIHOS-30000995,shield door,CFIHOS-30000995,shield door,
CFIHOS-30000232,shut off damper,CFIHOS-30000232,shut off damper,
CFIHOS-30000233,side pocket mandrel,CFIHOS-30000233,side pocket mandrel,
CFIHOS-30000749,sight glass,CFIHOS-30000749,sight glass,
CFIHOS-30000996,sign,CFIHOS-30000996,sign,
CFIHOS-30000234,signal,CFIHOS-30000292,indicating instrument,
CFIHOS-30000365,signal cable,CFIHOS-30000365,signal cable,
CFIHOS-30000663,signal converter,CFIHOS-30000410,current to current converter,
CFIHOS-30000663,signal converter,CFIHOS-30000411,current to pressure converter,
CFIHOS-30000663,signal converter,CFIHOS-30000412,current to voltage converter,
CFIHOS-30000663,signal converter,CFIHOS-30000431,frequency to current converter,
CFIHOS-30000663,signal converter,CFIHOS-30000455,pressure to current converter,
CFIHOS-30000663,signal converter,CFIHOS-30000490,voltage to current converter,
CFIHOS-30000951,signal receiver,CFIHOS-30000951,signal receiver,
CFIHOS-30000235,signal splitter,CFIHOS-30000235,signal splitter,
CFIHOS-30000514,silencer,CFIHOS-30000514,silencer,
CFIHOS-30001027,silo,CFIHOS-30001027,silo,Required by owner-operators
CFIHOS-30000236,single buoy mooring,CFIHOS-30000236,single buoy mooring,
CFIHOS-30000237,sink,CFIHOS-30000237,sink,
CFIHOS-30000744,siren,CFIHOS-30000744,siren,
CFIHOS-30000239,skimmer,CFIHOS-30000239,skimmer,
CFIHOS-30000570,slat conveyor,CFIHOS-30000570,slat conveyor,
CFIHOS-30000865,slide control valve,CFIHOS-30000865,slide control valve,
CFIHOS-30000866,slide valve,CFIHOS-30000866,slide valve,
CFIHOS-30000629,slip ring,CFIHOS-30000629,slip ring,
CFIHOS-30000919,slips,CFIHOS-30000919,slips,
CFIHOS-30000591,slug catcher,CFIHOS-30000591,slug catcher,
CFIHOS-30000470,smoke detector,CFIHOS-30000470,smoke detector,
CFIHOS-30000240,snatch block,CFIHOS-30000240,snatch block,
CFIHOS-30000740,solar panel,CFIHOS-30000740,solar panel,
CFIHOS-30000368,solenoid,CFIHOS-30000368,solenoid,
CFIHOS-30000681,solenoid valve,CFIHOS-30000681,solenoid valve,
CFIHOS-30000242,solid composition analyser,CFIHOS-30000242,solid composition analyser,
CFIHOS-30000244,sound attenuator,CFIHOS-30000244,sound attenuator,
CFIHOS-30000245,sound pressure level analyser,CFIHOS-30000245,sound pressure level analyser,
CFIHOS-30000555,spacer,CFIHOS-30000555,spacer,
CFIHOS-30000246,spark arrestor,CFIHOS-30000246,spark arrestor,
CFIHOS-30000247,special tool,CFIHOS-30000247,special tool,
CFIHOS-30000248,specific gravity analyser,CFIHOS-30000248,specific gravity analyser,
CFIHOS-30000503,spectacle blind,CFIHOS-30000503,spectacle blind,
CFIHOS-30000471,speed meter,CFIHOS-30000471,speed meter,
CFIHOS-30000690,speed switch,CFIHOS-30000690,speed switch,
CFIHOS-30000472,speed transmitter,CFIHOS-30000472,speed transmitter,
CFIHOS-30000867,spiral heat exchanger,CFIHOS-30000867,spiral heat exchanger,
CFIHOS-30000504,spool piece,CFIHOS-30000504,spool piece,
CFIHOS-30000657,spray nozzle,CFIHOS-30000657,spray nozzle,
CFIHOS-30000249,spreader bar,CFIHOS-30000249,spreader bar,
CFIHOS-30000250,spring support,CFIHOS-30000250,spring support,
CFIHOS-30000868,stabilizer column,CFIHOS-30000868,stabilizer column,
CFIHOS-30000251,stack,CFIHOS-30000251,stack,
CFIHOS-30000997,staircase,CFIHOS-30000997,staircase,
CFIHOS-30000630,static mixer,CFIHOS-30000630,static mixer,
CFIHOS-30000505,steam trap,CFIHOS-30000505,steam trap,
CFIHOS-30000556,steam turbine,CFIHOS-30000556,steam turbine,
CFIHOS-30000920,storm water drain,CFIHOS-30000907,outfall,
CFIHOS-30000506,strainer,CFIHOS-30000506,strainer,
CFIHOS-30000921,stretcher,CFIHOS-30000921,stretcher,
CFIHOS-30000592,stripper,CFIHOS-30000592,stripper,
CFIHOS-30000869,stripper column,CFIHOS-30000869,stripper column,
CFIHOS-30000253,stroke length adjuster,CFIHOS-30000253,stroke length adjuster,
CFIHOS-30000998,structural ancillary frame,CFIHOS-30000998,structural ancillary frame,
CFIHOS-30000999,structural cell wall,CFIHOS-30000999,structural cell wall,
CFIHOS-30001000,structural floor,CFIHOS-30001000,structural floor,
CFIHOS-30001001,structural frame,CFIHOS-30001001,structural frame,
CFIHOS-30001002,structural wall,CFIHOS-30001002,structural wall,
CFIHOS-30000870,submersible connector,CFIHOS-30000870,submersible connector,
CFIHOS-30000712,subsea bore protector,CFIHOS-30000712,subsea bore protector,
CFIHOS-30000923,subsea cable,CFIHOS-30000360,power cable,
CFIHOS-30000923,subsea cable,CFIHOS-30000923,subsea cable,
CFIHOS-30000924,subsea configuration plate,CFIHOS-30000725,subsea umbilical,
CFIHOS-30000736,subsea control module,CFIHOS-30000736,subsea control module,
CFIHOS-30000713,subsea distributed temperature sensing fiber optic pod,CFIHOS-30000713,subsea distributed temperature sensing fiber optic pod,
CFIHOS-30000679,subsea distribution unit,CFIHOS-30000679,subsea distribution unit,
CFIHOS-30000714,subsea flexible flowline,CFIHOS-30000714,subsea flexible flowline,
CFIHOS-30000737,subsea guide base,CFIHOS-30000737,subsea guide base,
CFIHOS-30000716,subsea hang-off and pull assembly,CFIHOS-30000716,subsea hang-off and pull assembly,
CFIHOS-30000715,subsea hanger recovery,CFIHOS-30000715,subsea hanger recovery,
CFIHOS-30000717,subsea installation workover control,CFIHOS-30000717,subsea installation workover control,
CFIHOS-30000718,subsea jumper,CFIHOS-30000718,subsea jumper,
CFIHOS-30000719,subsea manifold support frame,CFIHOS-30000719,subsea manifold support frame,
CFIHOS-30000720,subsea mudmat,CFIHOS-30000720,subsea mudmat,
CFIHOS-30000721,subsea pipeline crossing support,CFIHOS-30000721,subsea pipeline crossing support,
CFIHOS-30000953,subsea power and communication unit,CFIHOS-30000953,subsea power and communication unit,
CFIHOS-30000722,subsea protection structure,CFIHOS-30000722,subsea protection structure,
CFIHOS-30000723,subsea remote operated tool,CFIHOS-30000723,subsea remote operated tool,
CFIHOS-30000724,subsea remotely operated vehicle,CFIHOS-30000724,subsea remotely operated vehicle,
CFIHOS-30000954,subsea suction pile,CFIHOS-30000954,subsea suction pile,
CFIHOS-30000725,subsea umbilical,CFIHOS-30000725,subsea umbilical,
CFIHOS-30000254,sump,CFIHOS-30000254,sump,
CFIHOS-30001003,superstructure,CFIHOS-30001003,superstructure,
CFIHOS-30001004,surface water collection system,CFIHOS-30001004,surface water collection system,
CFIHOS-30000732,surge protection,CFIHOS-30000732,surge protection,
CFIHOS-30000873,swing check valve,CFIHOS-30000873,swing check valve,
CFIHOS-30000369,switchboard,CFIHOS-30000369,switchboard,
CFIHOS-30000370,switchgear and controlgear,CFIHOS-30000370,switchgear and controlgear,
CFIHOS-30000255,swivel joint,CFIHOS-30000255,swivel joint,
CFIHOS-30000925,system panel,CFIHOS-30000925,system panel,
CFIHOS-30000593,tank,CFIHOS-30000593,tank,
CFIHOS-30000955,tap,CFIHOS-30000955,tap,
CFIHOS-30000257,tape drive,CFIHOS-30000257,tape drive,
CFIHOS-30000658,telecom gateway,CFIHOS-30000658,telecom gateway,
CFIHOS-30000371,telephone,CFIHOS-30000371,telephone,
CFIHOS-30000372,temperature detector,CFIHOS-30000372,temperature detector,
CFIHOS-30000674,temperature element,CFIHOS-30000463,resistance temperature element,
CFIHOS-30000674,temperature element,CFIHOS-30000478,thermocouple,
CFIHOS-30000473,temperature gauge,CFIHOS-30000473,temperature gauge,
CFIHOS-30000258,temperature instrument,CFIHOS-30000258,temperature instrument,
CFIHOS-30000474,temperature regulator,CFIHOS-30000474,temperature regulator,
CFIHOS-30000475,temperature switch,CFIHOS-30000475,temperature switch,
CFIHOS-30000476,temperature transmitter,CFIHOS-30000476,temperature transmitter,
CFIHOS-30000659,termination panel,CFIHOS-30000659,termination panel,
CFIHOS-30000477,thermal conductivity analyser,CFIHOS-30000477,thermal conductivity analyser,
CFIHOS-30000259,thermal flow element,CFIHOS-30000259,thermal flow element,
CFIHOS-30000478,thermocouple,CFIHOS-30000478,thermocouple,
CFIHOS-30001028,thermoelectric generator,CFIHOS-30001028,thermoelectric generator,Required by owner-operators
CFIHOS-30000373,thermostatic switch,CFIHOS-30000373,thermostatic switch,
CFIHOS-30000479,thermowell,CFIHOS-30000479,thermowell,
CFIHOS-30000631,thruster,CFIHOS-30000631,thruster,
CFIHOS-30000374,thyristor,CFIHOS-30000374,thyristor,
CFIHOS-30000480,timer,CFIHOS-30000480,timer,
CFIHOS-30000928,top drive drilling system,CFIHOS-30000927,top drive,
CFIHOS-30000557,torque converter,CFIHOS-30000557,torque converter,
CFIHOS-30001029,tote tank,CFIHOS-30001029,tote tank,Required by owner-operators
CFIHOS-30000929,tractor,CFIHOS-30000929,tractor,
CFIHOS-30000263,trailer,CFIHOS-30000263,trailer,
CFIHOS-30000362,transformer,CFIHOS-30000823,dry transformer,
CFIHOS-30000362,transformer,CFIHOS-30000877,wet transformer,
CFIHOS-30000481,transponder,CFIHOS-30000481,transponder,
CFIHOS-30000956,tree cap,CFIHOS-30000956,tree cap,
CFIHOS-30001005,trench,CFIHOS-30001005,trench,
CFIHOS-30000375,trip amplifier,CFIHOS-30000375,trip amplifier,
CFIHOS-30001030,trip and throttle valve,CFIHOS-30001030,trip and throttle valve,Required by owner-operators
CFIHOS-30000604,trolley,CFIHOS-30000604,trolley,
CFIHOS-30000605,truck,CFIHOS-30000605,truck,
CFIHOS-30000507,tubing hanger,CFIHOS-30000507,tubing hanger,
CFIHOS-30000685,turbine,CFIHOS-30000534,gas turbine,
CFIHOS-30000685,turbine,CFIHOS-30000843,hydraulic turbine,
CFIHOS-30000685,turbine,CFIHOS-30000556,steam turbine,
CFIHOS-30000482,turbine flow meter,CFIHOS-30000482,turbine flow meter,
CFIHOS-30000558,turbo expander,CFIHOS-30000558,turbo expander,
CFIHOS-30000930,turret,CFIHOS-30000930,turret,
CFIHOS-30001006,tv access plug,CFIHOS-30001006,tv access plug,
CFIHOS-30000931,twin agent skid,CFIHOS-30000931,twin agent skid,
CFIHOS-30000483,ultrasonic flow meter,CFIHOS-30000483,ultrasonic flow meter,
CFIHOS-30000266,ultrasonic level element,CFIHOS-30000266,ultrasonic level element,
CFIHOS-30000484,ultrasonic level transmitter,CFIHOS-30000484,ultrasonic level transmitter,
CFIHOS-30000267,umbilical,CFIHOS-30000267,umbilical,
CFIHOS-30000726,umbilical termination assembly,CFIHOS-30000726,umbilical termination assembly,
CFIHOS-30001031,underground storage tank,CFIHOS-30001031,underground storage tank,Required by owner-operators
CFIHOS-30000376,ups unit,CFIHOS-30000376,ups unit,
CFIHOS-30000268,UV sterilizer,CFIHOS-30000268,UV sterilizer,
CFIHOS-30000485,v-cone flow meter,CFIHOS-30000485,v-cone flow meter,
CFIHOS-30000874,vacuum circuit-breaker,CFIHOS-30000874,vacuum circuit-breaker,
CFIHOS-30000875,vacuum column,CFIHOS-30000875,vacuum column,
CFIHOS-30001032,vacuum pump,CFIHOS-30001032,vacuum pump,Required by owner-operators
CFIHOS-30000634,vacuum relief valve,CFIHOS-30000634,vacuum relief valve,
CFIHOS-30000271,vapour pressure analyser,CFIHOS-30000271,vapour pressure analyser,
CFIHOS-30000377,variable speed drive unit,CFIHOS-30000377,variable speed drive unit,
CFIHOS-30001007,vault,CFIHOS-30001007,vault,
CFIHOS-30000932,vent head,CFIHOS-30000496,pipe,
CFIHOS-30000486,venturi tube,CFIHOS-30000486,venturi tube,
CFIHOS-30001033,vibrating conveyor,CFIHOS-30001033,vibrating conveyor,Required by owner-operators
CFIHOS-30000487,vibration element,CFIHOS-30000487,vibration element,
CFIHOS-30000273,vibration switch,CFIHOS-30000273,vibration switch,
CFIHOS-30000378,vibration transmitter,CFIHOS-30000378,vibration transmitter,
CFIHOS-30000274,video converter,CFIHOS-30000274,video converter,
CFIHOS-30000275,video monitor,CFIHOS-30000275,video monitor,
CFIHOS-30000488,video recorder,CFIHOS-30000488,video recorder,
CFIHOS-30001008,viewport,CFIHOS-30001008,viewport,
CFIHOS-30000489,viscosity analyser,CFIHOS-30000489,viscosity analyser,
CFIHOS-30000957,voltage regulator,CFIHOS-30000957,voltage regulator,
CFIHOS-30000490,voltage to current converter,CFIHOS-30000490,voltage to current converter,
CFIHOS-30000746,voltage transformer,CFIHOS-30000746,voltage transformer,
CFIHOS-30000276,voltage transmitter,CFIHOS-30000276,voltage transmitter,
CFIHOS-30000491,vortex flow meter,CFIHOS-30000491,vortex flow meter,
CFIHOS-30000876,wafer check valve,CFIHOS-30000876,wafer check valve,
CFIHOS-30000278,waste compactor,CFIHOS-30000278,waste compactor,
CFIHOS-30000279,water cooler,CFIHOS-30000279,water cooler,
CFIHOS-30000280,water desalination system,CFIHOS-30000280,water desalination system,
CFIHOS-30000281,water maker,CFIHOS-30000281,water maker,
CFIHOS-30000934,water mist skid,CFIHOS-30000934,water mist skid,
CFIHOS-30000633,watercraft,CFIHOS-30000881,barge,
CFIHOS-30000633,watercraft,CFIHOS-30000902,marine vessel,
CFIHOS-30000380,weight transmitter,CFIHOS-30000380,weight transmitter,
CFIHOS-30000381,welding set,CFIHOS-30000381,welding set,
CFIHOS-30000283,well,CFIHOS-30000283,well,
CFIHOS-30000284,wellhead,CFIHOS-30000284,wellhead,
CFIHOS-30000877,wet transformer,CFIHOS-30000877,wet transformer,
CFIHOS-30000285,winch,CFIHOS-30000285,winch,
CFIHOS-30000492,wind sensor,CFIHOS-30000492,wind sensor,
CFIHOS-30001035,wind turbine,CFIHOS-30001035,wind turbine,Required by owner-operators
CFIHOS-30000935,window,CFIHOS-30000935,window,
CFIHOS-30001034,windsock,CFIHOS-30001034,windsock,Required by owner-operators
CFIHOS-30000287,wire hoist,CFIHOS-30000287,wire hoist,
CFIHOS-30000288,wire line unit,CFIHOS-30000288,wire line unit,
CFIHOS-30000289,wire sling,CFIHOS-30000289,wire sling,
CFIHOS-30000290,wireless access point,CFIHOS-30000290,wireless access point,
CFIHOS-30000493,wobbe index meter,CFIHOS-30000493,wobbe index meter,
CFIHOS-30000561,yoke,CFIHOS-30000561,yoke,
